Volunteer_id,First_name,Last_name,Birthday,Phone,Active
394505352,Avraham,Mizrahi,1979-05-27,507128223,T
235840057,Tamar,Malka,1959-04-09,514866873,T
165585690,Omer,Cohen,1959-07-31,586651087,F
993986630,Miriam,Mizrahi,1996-08-21,514076553,T
374875874,Sara,Dahan,1975-02-09,547546326,T
923609252,Nadav,Tal,1960-01-27,528299614,T
461822564,Nadav,Shapiro,1970-06-16,543790224,T
436878005,David,Tal,1965-01-15,524403140,F
228431425,Shira,Tal,1995-06-05,512697348,T
826962624,Shira,Avraham,1961-07-01,504964247,F
696550592,Miriam,Malka,2002-01-27,513963145,F
246548814,Miriam,Friedman,1974-02-03,528751737,F
946605675,Nadav,Rosenberg,1997-04-11,556568470,F
682367795,David,Mizrahi,1952-06-15,558926604,F
247796511,Sara,Rosenberg,1986-03-16,526217716,T
353775631,Noam,Cohen,1986-01-29,503282182,T
457761908,Noam,Katz,1977-07-27,522558983,F
196570610,Eli,Baruch,1970-04-05,525769068,T
410425616,Tamar,Peretz,1965-02-28,528048461,F
352438579,Yosef,Cohen,1975-07-05,548889282,F
880638443,Shira,Levi,1955-12-20,542400948,T
454152910,Yael,Rosenberg,1983-03-05,528032203,F
652100224,Yosef,Dahan,1957-08-27,588866757,F
889744043,Shira,Baruch,1968-12-17,549147327,F
906231220,Moshe,Malka,1989-12-11,516117389,F
214059059,Nadav,Mizrahi,1961-04-07,543080061,F
833778676,Rivka,Avraham,1993-10-03,526273030,F
420993116,Yosef,Friedman,1956-09-25,586364158,T
457181445,Miriam,Golan,2001-05-12,585176091,T
299836191,Itai,Katz,1961-09-27,513029324,T
145728989,Rivka,Rosenberg,1994-10-30,549093720,F
719625058,Itai,Rosenberg,2008-08-06,513313261,T
134682708,Eli,Friedman,1951-11-28,517370835,F
570833254,Nadav,Levi,1969-03-11,581827629,T
113040711,Miriam,Avraham,1955-05-13,502549740,T
346429196,Shira,Tal,1972-10-20,516143863,T
883221237,Rivka,Mizrahi,1989-03-14,501647731,F
428742862,Nadav,Mizrahi,1969-09-12,552291125,T
348838452,Nadav,Peretz,1993-09-18,558745283,T
621546011,Avraham,Goldstein,1960-11-17,554249758,F
369167997,Noam,Dahan,1951-10-13,513827250,F
367996132,Omer,Cohen,1979-03-05,587977157,F
850191679,Sara,Baruch,1951-12-30,546128053,T
118705675,Sara,Avraham,1998-09-19,529266929,T
395480602,Yosef,Friedman,1975-03-07,521812717,F
896504646,Eli,Shapiro,1992-10-23,535582159,F
833540190,Miriam,Mizrahi,1971-03-25,535798112,F
946915975,Rivka,Cohen,1990-01-11,518389103,F
499194042,Shira,Rosenberg,1956-08-01,532994612,F
384949916,Sara,Malka,1980-11-15,508793826,T
664548850,Avraham,Friedman,1983-09-18,507030525,F
532019222,Itai,Peretz,1974-07-29,515184196,T
903664721,Avraham,Avraham,1953-08-07,556713876,F
890956215,Omer,Goldstein,1989-12-28,588013428,T
623233814,Noam,Avraham,2004-05-01,556605041,T
603750862,Shira,Rosenberg,1976-02-05,537133632,T
572673913,Miriam,Golan,1982-04-15,503358184,T
735407084,Miriam,Mizrahi,1975-04-11,502686605,T
735351231,Tamar,Avraham,1997-01-30,584014907,T
123174899,Sara,Shapiro,1979-06-21,501571752,F
870479229,Avraham,Golan,1961-09-18,517942081,F
860740200,Avraham,Rosenberg,1973-08-23,507902107,T
162886877,Tamar,Goldstein,1984-08-14,555964386,T
226633180,Moshe,Avraham,1987-11-06,505000741,F
186851806,Avraham,Levi,1966-12-13,547963245,F
748945881,Noam,Goldstein,1993-05-11,508825492,F
115168321,Miriam,Goldstein,1982-01-26,543010853,T
896227305,Omer,Mizrahi,1975-11-04,557183312,T
955834819,Sara,Golan,1952-04-14,584754766,F
881737898,Rivka,Shapiro,1968-12-04,508098520,F
932267835,Noam,Peretz,1994-11-18,546987840,T
471615256,Tamar,Shapiro,2008-03-03,543292778,F
838604272,Shira,Dahan,1984-08-20,589421455,T
896252542,Itai,Avraham,1953-08-22,545569556,F
980676210,Avraham,Katz,1986-03-14,556982975,F
770027665,Miriam,Avraham,1966-08-22,533675019,F
176935420,Rivka,Peretz,1954-07-30,551774026,T
450228682,Yael,Tal,1981-06-24,503913056,F
231054462,Rivka,Peretz,1997-01-18,524784615,F
406353863,Shira,Tal,2007-04-11,501335577,F
267479379,Nadav,Malka,1961-11-25,541437716,F
820816132,Noam,Golan,1978-04-18,526668570,F
537140725,Omer,Shapiro,1958-01-20,527096589,T
853063578,Miriam,Friedman,1996-06-20,527431121,F
738671917,Omer,Katz,1971-05-22,582455667,F
561754443,Eli,Levi,1991-02-28,553159564,T
643272008,Omer,Baruch,1965-06-15,537100389,T
620164054,Nadav,Malka,1950-04-16,521791471,F
421883994,Yosef,Tal,1984-10-15,524330506,T
948167392,Eli,Golan,2003-09-24,581962192,T
509602018,Eli,Peretz,2004-10-21,585066916,T
820688002,Sara,Mizrahi,1976-05-04,516938107,F
320161467,Noam,Avraham,1972-07-19,515710663,T
343353645,Moshe,Avraham,1981-12-24,515296334,T
530689697,Yael,Goldstein,1990-08-24,503306064,T
742140958,David,Golan,1968-03-04,504682279,F
529206155,Yael,Cohen,1962-02-06,504479744,T
901698300,Miriam,Avraham,1987-09-27,521563501,F
713572635,Tamar,Rosenberg,1988-05-30,507249364,T
736861594,Omer,Tal,1993-08-15,515517124,T
772043073,Omer,Dahan,1958-04-23,537155382,F
625355799,Yosef,Katz,1989-11-08,583879017,F
321104557,Rivka,Cohen,1958-10-01,531012345,T
662935223,Rivka,Levi,2007-01-05,531692747,F
913470291,Yael,Malka,1998-12-23,501098927,T
539002668,Rivka,Tal,1978-01-07,517950891,F
358632117,Avraham,Avraham,2008-07-20,531131265,T
937809096,Moshe,Mizrahi,1952-08-17,504223613,F
690387470,Shira,Goldstein,1958-11-24,555276180,T
224268418,Noam,Malka,1986-08-05,551133027,F
798085356,Avraham,Levi,1962-01-03,582378349,F
710049900,Shira,Cohen,2002-08-03,515395325,F
124508336,Sara,Avraham,2000-12-05,528525426,T
373850009,Shira,Levi,1954-07-21,553488373,F
843632888,Yael,Cohen,1993-03-29,525158994,F
396994157,Rivka,Shapiro,2005-07-02,539125971,T
396329049,Miriam,Baruch,2004-02-17,502055977,F
110888859,Avraham,Tal,2008-05-20,534749004,T
519713904,Tamar,Katz,1998-06-19,519249201,T
531266733,Itai,Cohen,1989-10-31,515566088,F
432671932,Yosef,Dahan,1952-03-03,534512828,F
245544160,Tamar,Katz,1965-02-24,521129941,F
633290531,Rivka,Baruch,1996-05-17,544667203,F
661213951,Moshe,Mizrahi,1988-06-29,531918112,T
105577673,Moshe,Friedman,2001-03-29,543066826,F
832134506,Yael,Peretz,1996-02-21,588282534,F
988845122,Tamar,Shapiro,2009-01-05,503281615,F
620842121,Tamar,Malka,1964-12-07,505567301,T
793088545,Tamar,Avraham,1969-01-09,532438689,F
596625792,Nadav,Levi,1990-05-07,582110020,T
250549197,Yosef,Dahan,1967-12-20,582118121,F
589706327,Noam,Peretz,1986-10-22,527410235,T
146438347,Shira,Tal,1983-11-20,538064636,F
657439553,Nadav,Avraham,1989-09-13,538665464,F
579372758,Nadav,Malka,1983-06-03,511775915,T
774455078,David,Baruch,2002-10-13,541484817,F
462321317,Itai,Peretz,1954-05-04,528424833,F
490003565,Rivka,Mizrahi,1959-06-01,588103878,F
170790276,Noam,Dahan,2002-03-17,501345736,F
114248249,Noam,Levi,1984-12-20,586001406,T
414518384,Eli,Rosenberg,1999-06-11,508371913,F
513753906,Yosef,Friedman,1991-06-01,553448818,T
396018593,David,Friedman,1971-03-18,589875807,F
706254852,Moshe,Cohen,1978-11-06,582159237,F
807236155,Shira,Levi,1968-11-10,555747877,T
861780990,Yael,Golan,1965-01-07,553285535,T
745162016,Itai,Baruch,1977-03-03,507911374,F
162641867,Moshe,Katz,1965-03-06,552049591,T
295672086,Tamar,Baruch,1973-07-01,543236199,T
205953236,Omer,Baruch,1983-10-11,508783273,F
898417798,Shira,Shapiro,2007-09-16,544488076,T
888489252,Miriam,Avraham,1978-06-28,514062684,T
577439401,Eli,Peretz,2004-07-25,503417632,F
587360290,David,Katz,1989-09-01,583969763,T
843096274,Noam,Malka,1999-08-09,528927263,F
176195850,Rivka,Levi,2007-08-17,548793349,T
720200310,Moshe,Katz,1954-12-23,538212840,T
147051908,Rivka,Friedman,1969-01-14,531793797,T
487192454,Moshe,Friedman,1968-02-20,513080830,F
545501430,Miriam,Baruch,1964-03-06,552543893,T
887764449,Eli,Baruch,1979-11-01,547763749,T
404382400,Miriam,Peretz,1973-12-16,519961695,F
749246171,Avraham,Rosenberg,1972-02-24,539036656,T
788060558,David,Baruch,1988-09-12,558199159,F
342731868,David,Golan,1964-11-21,541114151,F
973046264,Miriam,Shapiro,1996-07-14,531405269,F
927662074,Tamar,Baruch,1999-07-06,557370136,F
865363297,Tamar,Levi,1980-07-25,552510393,T
673437747,Miriam,Peretz,1967-12-21,522578544,T
925623002,Eli,Rosenberg,1971-12-11,516035710,F
922587607,Sara,Peretz,1996-05-10,533529401,T
239749750,David,Avraham,1966-06-02,589187751,F
264277528,Avraham,Tal,1997-04-06,506670694,F
100546946,Itai,Avraham,1982-06-17,543582326,F
241938557,Miriam,Dahan,1981-02-08,587809246,F
713588559,Itai,Shapiro,1959-05-22,514238803,F
427099149,Shira,Levi,1962-12-01,542350011,T
548555898,Yosef,Katz,1988-10-02,516986341,F
570797294,Avraham,Baruch,1999-05-25,559080392,F
685483861,Moshe,Shapiro,1970-02-06,585879917,F
651832513,Eli,Rosenberg,2008-07-01,522245939,T
318424877,Yael,Levi,1996-08-22,514990278,F
956428885,Omer,Baruch,1977-02-07,502588379,T
657132496,Itai,Shapiro,1986-05-09,558714548,F
589337320,Nadav,Dahan,1992-06-10,524358604,F
823393145,Rivka,Mizrahi,1968-10-27,542744215,T
811611468,Noam,Shapiro,1960-10-01,502598829,F
690614112,Yael,Malka,1981-02-19,503422940,T
817363782,Yosef,Shapiro,1995-11-03,535874270,T
484791738,Yosef,Tal,1953-10-16,511903282,F
958089627,Itai,Rosenberg,1958-01-06,551059556,T
352122297,Omer,Mizrahi,1978-09-15,546622275,F
243893303,Avraham,Peretz,1956-01-13,541433677,T
564217076,Omer,Baruch,1968-08-04,534390273,T
908419634,Itai,Goldstein,1974-12-08,524801522,F
281692022,Omer,Baruch,1999-04-10,501063830,T
835076317,Shira,Cohen,1962-07-17,548726040,F
580199810,Yael,Levi,2003-01-11,521428109,T
712247263,Itai,Mizrahi,1992-04-21,519105129,T
177550863,Rivka,Rosenberg,1966-05-18,506775100,T
711691891,Yael,Malka,2003-12-09,541247411,T
815515244,Itai,Mizrahi,1951-03-16,527192665,F
791492673,Sara,Tal,1983-02-11,503282231,T
836762949,Omer,Mizrahi,1976-04-02,524452914,T
230416481,Moshe,Goldstein,1957-11-18,524422068,F
153322153,Tamar,Shapiro,1997-11-11,503680821,F
806788595,Itai,Malka,1962-05-18,514240547,F
683648300,Yosef,Goldstein,1959-11-12,501276176,T
952678161,Rivka,Goldstein,1959-12-08,559610899,F
146405180,Omer,Friedman,1951-10-01,508602455,F
998108750,Noam,Katz,1954-07-19,536656906,F
886735334,Itai,Golan,1987-02-05,534579521,F
788755985,Yosef,Rosenberg,1969-02-19,515967948,F
734172787,David,Friedman,1961-11-03,508973249,T
898756120,Miriam,Rosenberg,1988-07-22,519533597,F
765389525,Yael,Dahan,1993-03-23,525116026,F
860686553,Itai,Dahan,1975-06-08,552316594,T
468378560,Eli,Katz,1984-12-17,513422407,T
556364033,Tamar,Malka,1983-02-08,549645039,F
694133514,Rivka,Cohen,2001-05-05,517267356,T
794742281,Avraham,Shapiro,1964-11-05,542514318,F
292859215,Omer,Friedman,1958-11-19,552966115,T
829562372,Nadav,Levi,1961-03-30,588417813,T
812837352,Rivka,Avraham,1958-07-08,502597244,T
446761406,Itai,Cohen,1966-01-30,558733359,T
956975068,Noam,Avraham,1951-07-25,583222878,F
177374099,David,Shapiro,1967-04-07,533123725,T
388551204,David,Rosenberg,1976-02-14,538783543,T
740106530,Rivka,Dahan,1951-09-21,538945632,T
693791884,Moshe,Malka,1989-05-25,524154895,T
494224589,Yosef,Cohen,1985-07-09,559460046,T
755857730,Eli,Goldstein,2004-04-22,526341663,F
322167562,Shira,Mizrahi,1957-07-07,518764127,T
643478804,Nadav,Friedman,1954-08-11,529233305,F
669316905,Yosef,Cohen,1958-11-10,541508073,T
299366049,Eli,Rosenberg,2003-03-15,518239435,F
758266582,Yael,Levi,2002-06-05,587720209,F
128372795,Sara,Tal,1997-04-03,514031441,F
390783390,Eli,Dahan,1967-04-14,529845793,T
172700885,Omer,Rosenberg,1983-08-04,583272210,F
990470454,Rivka,Avraham,2001-08-20,543461363,F
550692646,Nadav,Golan,2004-08-16,583181231,F
408695768,Tamar,Cohen,1954-06-27,522442998,F
976629885,Moshe,Golan,1965-12-17,503015700,F
859085667,Omer,Dahan,1970-09-21,507325228,F
357096083,Yael,Cohen,2001-09-28,537736276,F
899039963,Yael,Cohen,1999-09-07,589062217,T
466604404,Tamar,Golan,1985-04-02,558567317,T
311184999,Yael,Mizrahi,1996-01-11,546847952,T
907822052,Shira,Dahan,1952-12-21,526474046,F
999808268,Omer,Shapiro,1981-06-19,539737298,F
209510256,Noam,Tal,1960-05-02,549287883,F
121153449,Yael,Baruch,2005-07-31,503996548,T
253217543,Itai,Malka,1994-06-06,588138401,T
904938034,Moshe,Mizrahi,1955-10-09,529028069,T
547204298,Omer,Friedman,2002-08-19,549372324,F
502741128,David,Malka,1955-03-23,508319178,F
137196235,Miriam,Dahan,1965-08-24,512817866,T
776377775,Avraham,Golan,2008-04-03,545867999,F
978098707,Moshe,Shapiro,2007-06-09,505834047,T
298099542,Sara,Cohen,1961-03-01,532597942,T
560837901,Nadav,Mizrahi,1995-12-03,533721960,T
831020897,Tamar,Mizrahi,1965-02-13,548969260,T
843086887,Tamar,Golan,2004-09-14,541659049,T
143638172,Yael,Malka,1988-07-15,511436776,F
433962421,Noam,Cohen,1961-11-18,514995726,F
666628452,Moshe,Levi,2003-07-27,584333315,F
579813984,Miriam,Cohen,1956-10-26,538567721,F
615386639,Miriam,Tal,1994-01-18,581705767,T
565826363,Miriam,Levi,1969-11-08,555608973,T
561947519,Moshe,Mizrahi,1964-07-05,589731122,T
479470264,Shira,Shapiro,1978-10-03,545595575,T
569715356,Miriam,Peretz,1966-06-30,519994745,F
209464958,Eli,Peretz,1977-08-23,503288438,F
293575183,David,Avraham,1952-04-06,506717221,F
718772678,Sara,Peretz,1982-05-16,551278864,T
927486482,Noam,Peretz,1970-11-18,518296436,F
602476138,Noam,Peretz,1961-11-11,534710517,F
422858186,David,Malka,2007-05-14,506384394,T
778829162,Yosef,Avraham,1971-02-25,555943681,F
147191077,Moshe,Golan,1982-01-02,503580851,T
550017927,David,Mizrahi,1978-06-06,503009545,T
547078304,David,Friedman,1985-07-22,548474271,F
769425937,Omer,Levi,1977-07-31,557476474,T
294879328,Moshe,Goldstein,1952-03-23,549433078,F
154843546,Omer,Dahan,1975-07-28,515899244,T
221619656,Avraham,Katz,1972-01-10,546865040,F
393013562,Avraham,Goldstein,1956-08-22,541101625,F
871247675,David,Cohen,1964-12-24,581970955,F
486634621,Yael,Baruch,1991-07-03,582220025,F
576912599,Nadav,Mizrahi,1951-12-03,513078188,T
768659503,Yael,Golan,2006-12-18,525898106,F
427726768,Tamar,Shapiro,1994-10-03,503582876,F
534962289,Tamar,Goldstein,1962-11-25,532204903,T
859349708,Eli,Malka,2004-10-08,508337412,F
522212034,Omer,Baruch,1966-10-05,552140383,T
432775677,Miriam,Friedman,1992-10-08,555647358,F
384537612,Itai,Avraham,1996-11-25,539695591,T
960172444,David,Cohen,2004-01-18,528494425,T
714493004,Omer,Rosenberg,1950-12-13,589261954,T
424498138,Noam,Friedman,2003-09-11,515811020,F
515694752,Tamar,Cohen,1960-05-04,525324103,F
684340137,Nadav,Golan,1952-10-05,509239583,T
863689877,Sara,Golan,1959-01-11,525472339,T
627041586,Sara,Peretz,1959-07-26,522281048,F
298554934,Shira,Levi,2004-03-04,539210149,T
822999431,Itai,Katz,1966-01-12,526777035,T
595016017,Yael,Dahan,1983-01-27,557077083,T
436347563,Itai,Friedman,1954-11-15,583782147,F
548922089,Rivka,Peretz,1982-07-06,534950530,T
269949619,Yael,Dahan,1981-03-01,515854963,T
318968106,Noam,Avraham,1951-01-31,525560305,T
130662556,Sara,Levi,1989-02-05,588235118,F
546652597,Yosef,Mizrahi,1985-08-09,537527819,T
959797857,Miriam,Avraham,1956-12-10,535864447,T
330066847,Noam,Mizrahi,1985-05-01,546840737,F
890078217,Omer,Golan,1967-01-28,587401127,T
771593714,David,Peretz,2007-07-13,536142061,T
485883443,David,Katz,1999-01-19,551412475,T
213597878,Yosef,Levi,2000-12-09,535845706,F
571671322,Moshe,Avraham,1979-11-14,528160859,F
411885231,Eli,Shapiro,2006-05-23,502039959,F
400946549,Avraham,Cohen,1987-07-22,559940960,F
433566794,Miriam,Rosenberg,1996-10-05,527616459,T
941133118,Tamar,Cohen,2009-01-12,559948186,T
111782927,Avraham,Levi,1982-02-15,544617634,F
558281425,Avraham,Baruch,1990-06-06,544616785,F
978104752,Noam,Baruch,1951-06-07,516974243,F
190949382,Rivka,Shapiro,1961-10-16,554724040,F
863750199,Nadav,Shapiro,1992-10-22,547642183,T
104806867,David,Levi,1965-04-21,544414869,T
805561835,Yael,Goldstein,1999-12-07,559261314,F
919189482,Miriam,Dahan,1976-03-17,527397116,T
817155329,Eli,Peretz,2004-11-07,543611998,T
707575471,Miriam,Shapiro,1952-10-14,586993358,F
249221152,Tamar,Golan,1959-02-03,538959074,T
182701261,Moshe,Avraham,1970-10-30,587981018,F
256695613,Nadav,Mizrahi,1968-11-07,513373257,F
741513106,Tamar,Dahan,1987-05-16,531523591,T
199383226,Eli,Rosenberg,1992-04-01,526448171,T
276184852,Tamar,Tal,1952-04-25,583470519,T
930692422,Noam,Avraham,1955-09-25,533822014,T
608057122,Miriam,Shapiro,1957-10-06,508607664,F
293296911,Noam,Peretz,1969-05-16,533762155,F
438834899,Tamar,Avraham,1953-02-09,517723132,F
835059909,Eli,Levi,1965-12-14,544030038,T
116891822,Omer,Tal,1977-05-02,505563381,T
788826760,Yosef,Shapiro,1955-11-06,507570987,F
293826156,Eli,Rosenberg,1993-12-11,536503256,F
937311786,Tamar,Katz,2005-07-01,532884158,T
209140178,Nadav,Golan,2001-07-28,519373377,F
408935693,Itai,Baruch,1998-08-26,555979245,T
650489977,Tamar,Avraham,2002-09-25,528354586,F
911592625,Omer,Avraham,1977-08-29,539321906,T
233961938,Rivka,Peretz,1967-05-15,529974372,T
119879817,Shira,Mizrahi,1975-12-09,519459279,F
408431708,Miriam,Cohen,1952-05-09,557300280,F
113193560,Noam,Katz,1978-06-21,582498458,T
226057918,Noam,Goldstein,1996-08-22,528765948,T
421301681,Omer,Peretz,1991-10-05,535865119,F
531580224,Sara,Katz,1992-07-03,588291044,T
495193337,David,Dahan,1966-09-29,541454695,F
256758081,Shira,Katz,2001-05-13,536040468,F
275553165,Nadav,Katz,1960-02-06,549114561,F
688252528,Eli,Levi,1989-11-19,507561676,T
507163187,Rivka,Mizrahi,1971-10-04,547862922,F
946444594,Itai,Malka,1974-06-07,531657784,T
567128387,Yael,Dahan,1978-09-13,537625135,T
185230457,Shira,Peretz,1987-04-08,534995832,F
801994999,Shira,Cohen,1954-12-14,582640867,F
538370298,Miriam,Levi,1981-02-24,589165644,F
595699871,Eli,Baruch,1967-10-18,554664518,T
273503071,David,Golan,1952-11-01,519095360,T
135476374,Noam,Goldstein,2001-04-13,525823564,F
234831255,Yosef,Shapiro,1984-09-23,511949435,T
579221624,Sara,Golan,1958-11-11,502370028,F
778946429,Shira,Mizrahi,1984-09-23,528024012,F
153544210,Omer,Avraham,2000-04-28,538632532,T
935031021,Eli,Mizrahi,2004-12-27,532473402,F
955900016,Eli,Goldstein,1973-08-25,511255658,T
612314401,Avraham,Cohen,1958-02-24,547397629,F
778796816,Yael,Avraham,2005-01-26,547377939,F
642057089,Moshe,Dahan,1979-07-20,588168350,T
635217088,Shira,Katz,1958-08-23,506416833,T
185352730,Eli,Peretz,1952-01-16,517803413,T
792680574,Eli,Malka,1983-07-08,503647809,T
182687627,Rivka,Malka,1977-02-26,539799523,T
560881213,Omer,Avraham,2001-05-13,515116391,T
707139699,Avraham,Mizrahi,1982-08-29,528520398,F
744675169,Tamar,Mizrahi,1952-12-25,548807876,T
971841947,Eli,Dahan,1975-10-03,518232680,F
500294195,Sara,Mizrahi,1982-08-08,536179405,T
409058775,Sara,Katz,1999-05-21,542778706,F
136072288,Noam,Malka,1978-10-31,586804117,F
515988543,Shira,Shapiro,1960-11-23,545239005,F
148659355,Nadav,Tal,1976-10-08,548876560,F
977431479,Moshe,Rosenberg,2003-06-23,585195518,T
866357017,Yosef,Katz,2005-09-13,525905203,T
557934950,Yael,Katz,1964-06-01,536098016,T
155560438,Miriam,Goldstein,2002-03-06,543901710,T
